stepsToClean,cleanPercentage,totalMovements,maxTimeReached,totalSteps,numAgents,agentType,repetition,success,movementsPerAgent
,89.33333333333333,424,True,500,1,random,0,False,424.0
,87.33333333333333,450,True,500,1,random,1,False,450.0
,89.5,448,True,500,1,random,2,False,448.0
,88.5,443,True,500,1,random,3,False,443.0
,91.16666666666666,436,True,500,1,random,4,False,436.0
,89.33333333333333,441,True,500,1,random,5,False,441.0
,89.83333333333333,430,True,500,1,random,6,False,430.0
,90.16666666666666,428,True,500,1,random,7,False,428.0
,88.16666666666667,434,True,500,1,random,8,False,434.0
,87.83333333333333,420,True,500,1,random,9,False,420.0
,87.5,439,True,500,1,random,10,False,439.0
,86.16666666666667,451,True,500,1,random,11,False,451.0
,89.16666666666667,427,True,500,1,random,12,False,427.0
,87.5,455,True,500,1,random,13,False,455.0
,88.83333333333333,451,True,500,1,random,14,False,451.0
,89.16666666666667,450,True,500,1,random,15,False,450.0
,86.66666666666667,468,True,500,1,random,16,False,468.0
,88.66666666666667,436,True,500,1,random,17,False,436.0
,87.5,438,True,500,1,random,18,False,438.0
,87.66666666666667,466,True,500,1,random,19,False,466.0
,88.66666666666667,414,True,500,1,random,20,False,414.0
,87.5,460,True,500,1,random,21,False,460.0
,87.83333333333333,442,True,500,1,random,22,False,442.0
,87.66666666666667,443,True,500,1,random,23,False,443.0
,88.16666666666667,443,True,500,1,random,24,False,443.0
,88.5,448,True,500,1,random,25,False,448.0
,88.0,449,True,500,1,random,26,False,449.0
,88.5,439,True,500,1,random,27,False,439.0
,89.66666666666666,449,True,500,1,random,28,False,449.0
,89.5,435,True,500,1,random,29,False,435.0
,87.16666666666667,465,True,500,1,random,30,False,465.0
,86.83333333333333,443,True,500,1,random,31,False,443.0
,87.16666666666667,456,True,500,1,random,32,False,456.0
,88.33333333333333,446,True,500,1,random,33,False,446.0
,88.16666666666667,425,True,500,1,random,34,False,425.0
,87.5,432,True,500,1,random,35,False,432.0
,88.83333333333333,461,True,500,1,random,36,False,461.0
,90.0,447,True,500,1,random,37,False,447.0
,88.0,449,True,500,1,random,38,False,449.0
,89.16666666666667,437,True,500,1,random,39,False,437.0
,87.16666666666667,454,True,500,1,random,40,False,454.0
,89.5,457,True,500,1,random,41,False,457.0
,87.33333333333333,435,True,500,1,random,42,False,435.0
,86.66666666666667,440,True,500,1,random,43,False,440.0
,87.0,451,True,500,1,random,44,False,451.0
,87.66666666666667,464,True,500,1,random,45,False,464.0
,88.16666666666667,469,True,500,1,random,46,False,469.0
,88.16666666666667,437,True,500,1,random,47,False,437.0
,86.16666666666667,433,True,500,1,random,48,False,433.0
,87.33333333333333,436,True,500,1,random,49,False,436.0
,88.66666666666667,441,True,500,1,random,50,False,441.0
,88.66666666666667,432,True,500,1,random,51,False,432.0
,88.5,451,True,500,1,random,52,False,451.0
,87.66666666666667,462,True,500,1,random,53,False,462.0
,88.5,434,True,500,1,random,54,False,434.0
,87.0,415,True,500,1,random,55,False,415.0
,86.83333333333333,462,True,500,1,random,56,False,462.0
,88.83333333333333,446,True,500,1,random,57,False,446.0
,88.0,443,True,500,1,random,58,False,443.0
,87.16666666666667,449,True,500,1,random,59,False,449.0
,89.33333333333333,432,True,500,1,random,60,False,432.0
,88.5,449,True,500,1,random,61,False,449.0
,87.83333333333333,453,True,500,1,random,62,False,453.0
,88.5,451,True,500,1,random,63,False,451.0
,86.5,433,True,500,1,random,64,False,433.0
,88.33333333333333,443,True,500,1,random,65,False,443.0
,87.16666666666667,425,True,500,1,random,66,False,425.0
,88.0,447,True,500,1,random,67,False,447.0
,89.16666666666667,454,True,500,1,random,68,False,454.0
,88.66666666666667,452,True,500,1,random,69,False,452.0
,88.16666666666667,462,True,500,1,random,70,False,462.0
,88.33333333333333,440,True,500,1,random,71,False,440.0
,86.5,403,True,500,1,random,72,False,403.0
,87.83333333333333,438,True,500,1,random,73,False,438.0
,88.5,460,True,500,1,random,74,False,460.0
,87.66666666666667,421,True,500,1,random,75,False,421.0
,88.0,454,True,500,1,random,76,False,454.0
,87.16666666666667,459,True,500,1,random,77,False,459.0
,87.5,424,True,500,1,random,78,False,424.0
,86.33333333333333,462,True,500,1,random,79,False,462.0
,89.5,430,True,500,1,random,80,False,430.0
,89.5,443,True,500,1,random,81,False,443.0
,89.33333333333333,438,True,500,1,random,82,False,438.0
,88.83333333333333,445,True,500,1,random,83,False,445.0
,88.66666666666667,439,True,500,1,random,84,False,439.0
,88.16666666666667,435,True,500,1,random,85,False,435.0
,87.0,445,True,500,1,random,86,False,445.0
,87.33333333333333,453,True,500,1,random,87,False,453.0
,88.16666666666667,457,True,500,1,random,88,False,457.0
,88.16666666666667,434,True,500,1,random,89,False,434.0
,88.33333333333333,466,True,500,1,random,90,False,466.0
,88.5,448,True,500,1,random,91,False,448.0
,88.5,460,True,500,1,random,92,False,460.0
,88.5,440,True,500,1,random,93,False,440.0
,88.5,445,True,500,1,random,94,False,445.0
,86.83333333333333,438,True,500,1,random,95,False,438.0
,88.83333333333333,435,True,500,1,random,96,False,435.0
,87.5,450,True,500,1,random,97,False,450.0
,87.33333333333333,448,True,500,1,random,98,False,448.0
,88.33333333333333,425,True,500,1,random,99,False,425.0
,92.16666666666666,885,True,500,2,random,0,False,442.5
,93.16666666666666,901,True,500,2,random,1,False,450.5
,93.33333333333333,910,True,500,2,random,2,False,455.0
,94.33333333333334,888,True,500,2,random,3,False,444.0
,92.66666666666666,882,True,500,2,random,4,False,441.0
,93.0,876,True,500,2,random,5,False,438.0
,92.5,911,True,500,2,random,6,False,455.5
,91.66666666666666,900,True,500,2,random,7,False,450.0
,93.5,856,True,500,2,random,8,False,428.0
,92.66666666666666,885,True,500,2,random,9,False,442.5
,89.83333333333333,909,True,500,2,random,10,False,454.5
,91.33333333333333,845,True,500,2,random,11,False,422.5
,90.5,900,True,500,2,random,12,False,450.0
,93.0,917,True,500,2,random,13,False,458.5
,90.66666666666666,903,True,500,2,random,14,False,451.5
,91.83333333333333,841,True,500,2,random,15,False,420.5
,90.83333333333333,899,True,500,2,random,16,False,449.5
,92.33333333333333,917,True,500,2,random,17,False,458.5
,91.5,900,True,500,2,random,18,False,450.0
,91.33333333333333,933,True,500,2,random,19,False,466.5
,92.33333333333333,906,True,500,2,random,20,False,453.0
,92.16666666666666,819,True,500,2,random,21,False,409.5
,93.0,914,True,500,2,random,22,False,457.0
,88.16666666666667,928,True,500,2,random,23,False,464.0
,90.0,915,True,500,2,random,24,False,457.5
,92.0,913,True,500,2,random,25,False,456.5
,91.0,900,True,500,2,random,26,False,450.0
,90.16666666666666,900,True,500,2,random,27,False,450.0
,92.33333333333333,902,True,500,2,random,28,False,451.0
,91.33333333333333,879,True,500,2,random,29,False,439.5
,91.83333333333333,903,True,500,2,random,30,False,451.5
,90.5,920,True,500,2,random,31,False,460.0
,91.83333333333333,906,True,500,2,random,32,False,453.0
,93.0,852,True,500,2,random,33,False,426.0
,90.0,883,True,500,2,random,34,False,441.5
,91.66666666666666,871,True,500,2,random,35,False,435.5
,92.0,888,True,500,2,random,36,False,444.0
,90.83333333333333,899,True,500,2,random,37,False,449.5
,91.16666666666666,877,True,500,2,random,38,False,438.5
,90.16666666666666,849,True,500,2,random,39,False,424.5
,91.5,894,True,500,2,random,40,False,447.0
,90.16666666666666,904,True,500,2,random,41,False,452.0
,92.5,853,True,500,2,random,42,False,426.5
,91.83333333333333,900,True,500,2,random,43,False,450.0
,93.5,890,True,500,2,random,44,False,445.0
,92.5,895,True,500,2,random,45,False,447.5
,89.83333333333333,906,True,500,2,random,46,False,453.0
,92.16666666666666,874,True,500,2,random,47,False,437.0
,92.16666666666666,864,True,500,2,random,48,False,432.0
,88.16666666666667,890,True,500,2,random,49,False,445.0
,91.66666666666666,878,True,500,2,random,50,False,439.0
,93.16666666666666,883,True,500,2,random,51,False,441.5
,92.0,909,True,500,2,random,52,False,454.5
,91.66666666666666,902,True,500,2,random,53,False,451.0
,92.0,891,True,500,2,random,54,False,445.5
,92.16666666666666,887,True,500,2,random,55,False,443.5
,91.66666666666666,907,True,500,2,random,56,False,453.5
,92.33333333333333,899,True,500,2,random,57,False,449.5
,93.33333333333333,887,True,500,2,random,58,False,443.5
,92.16666666666666,849,True,500,2,random,59,False,424.5
,93.0,867,True,500,2,random,60,False,433.5
,92.16666666666666,861,True,500,2,random,61,False,430.5
,92.83333333333333,873,True,500,2,random,62,False,436.5
,91.66666666666666,889,True,500,2,random,63,False,444.5
,90.33333333333333,898,True,500,2,random,64,False,449.0
,91.16666666666666,887,True,500,2,random,65,False,443.5
,90.5,881,True,500,2,random,66,False,440.5
,90.33333333333333,858,True,500,2,random,67,False,429.0
,91.66666666666666,876,True,500,2,random,68,False,438.0
,91.0,888,True,500,2,random,69,False,444.0
,88.66666666666667,884,True,500,2,random,70,False,442.0
,91.66666666666666,886,True,500,2,random,71,False,443.0
,92.33333333333333,924,True,500,2,random,72,False,462.0
,92.0,902,True,500,2,random,73,False,451.0
,91.5,844,True,500,2,random,74,False,422.0
,90.33333333333333,864,True,500,2,random,75,False,432.0
,92.5,897,True,500,2,random,76,False,448.5
,92.66666666666666,864,True,500,2,random,77,False,432.0
,90.83333333333333,873,True,500,2,random,78,False,436.5
,89.16666666666667,890,True,500,2,random,79,False,445.0
,91.0,879,True,500,2,random,80,False,439.5
,92.83333333333333,891,True,500,2,random,81,False,445.5
,91.5,904,True,500,2,random,82,False,452.0
,91.83333333333333,894,True,500,2,random,83,False,447.0
,92.0,876,True,500,2,random,84,False,438.0
,92.0,906,True,500,2,random,85,False,453.0
,91.83333333333333,886,True,500,2,random,86,False,443.0
,91.66666666666666,911,True,500,2,random,87,False,455.5
,91.83333333333333,902,True,500,2,random,88,False,451.0
,91.33333333333333,904,True,500,2,random,89,False,452.0
,94.33333333333334,890,True,500,2,random,90,False,445.0
,91.83333333333333,906,True,500,2,random,91,False,453.0
,93.66666666666667,893,True,500,2,random,92,False,446.5
,92.16666666666666,859,True,500,2,random,93,False,429.5
,90.33333333333333,897,True,500,2,random,94,False,448.5
,91.66666666666666,841,True,500,2,random,95,False,420.5
,92.16666666666666,913,True,500,2,random,96,False,456.5
,91.5,876,True,500,2,random,97,False,438.0
,92.33333333333333,895,True,500,2,random,98,False,447.5
,91.83333333333333,878,True,500,2,random,99,False,439.0
,96.33333333333334,1791,True,500,4,random,0,False,447.75
,95.16666666666667,1807,True,500,4,random,1,False,451.75
,96.0,1777,True,500,4,random,2,False,444.25
,95.5,1751,True,500,4,random,3,False,437.75
,96.16666666666667,1797,True,500,4,random,4,False,449.25
,97.5,1793,True,500,4,random,5,False,448.25
,97.16666666666667,1808,True,500,4,random,6,False,452.0
,95.5,1807,True,500,4,random,7,False,451.75
,96.0,1813,True,500,4,random,8,False,453.25
,97.0,1804,True,500,4,random,9,False,451.0
,96.16666666666667,1814,True,500,4,random,10,False,453.5
,97.16666666666667,1798,True,500,4,random,11,False,449.5
,93.5,1808,True,500,4,random,12,False,452.0
,95.33333333333334,1821,True,500,4,random,13,False,455.25
,95.0,1730,True,500,4,random,14,False,432.5
,97.83333333333334,1809,True,500,4,random,15,False,452.25
,93.83333333333333,1781,True,500,4,random,16,False,445.25
,95.83333333333334,1837,True,500,4,random,17,False,459.25
,96.83333333333334,1784,True,500,4,random,18,False,446.0
,96.5,1786,True,500,4,random,19,False,446.5
,96.0,1792,True,500,4,random,20,False,448.0
,96.33333333333334,1840,True,500,4,random,21,False,460.0
,95.5,1752,True,500,4,random,22,False,438.0
,97.16666666666667,1801,True,500,4,random,23,False,450.25
,98.5,1766,True,500,4,random,24,False,441.5
,94.16666666666667,1803,True,500,4,random,25,False,450.75
,96.16666666666667,1842,True,500,4,random,26,False,460.5
,97.16666666666667,1768,True,500,4,random,27,False,442.0
,96.33333333333334,1831,True,500,4,random,28,False,457.75
,98.16666666666667,1788,True,500,4,random,29,False,447.0
,96.16666666666667,1835,True,500,4,random,30,False,458.75
,95.0,1836,True,500,4,random,31,False,459.0
,97.83333333333334,1771,True,500,4,random,32,False,442.75
,96.16666666666667,1776,True,500,4,random,33,False,444.0
,96.66666666666667,1771,True,500,4,random,34,False,442.75
,96.0,1773,True,500,4,random,35,False,443.25
,95.0,1840,True,500,4,random,36,False,460.0
,97.83333333333334,1802,True,500,4,random,37,False,450.5
,97.16666666666667,1806,True,500,4,random,38,False,451.5
,93.16666666666666,1840,True,500,4,random,39,False,460.0
,95.83333333333334,1787,True,500,4,random,40,False,446.75
,97.66666666666667,1792,True,500,4,random,41,False,448.0
,95.83333333333334,1780,True,500,4,random,42,False,445.0
,93.33333333333333,1780,True,500,4,random,43,False,445.0
,95.66666666666667,1760,True,500,4,random,44,False,440.0
,95.66666666666667,1825,True,500,4,random,45,False,456.25
,95.83333333333334,1823,True,500,4,random,46,False,455.75
,96.5,1805,True,500,4,random,47,False,451.25
,96.33333333333334,1845,True,500,4,random,48,False,461.25
,96.16666666666667,1827,True,500,4,random,49,False,456.75
,95.66666666666667,1801,True,500,4,random,50,False,450.25
,96.83333333333334,1810,True,500,4,random,51,False,452.5
,93.5,1755,True,500,4,random,52,False,438.75
,96.66666666666667,1819,True,500,4,random,53,False,454.75
,96.66666666666667,1814,True,500,4,random,54,False,453.5
,96.0,1777,True,500,4,random,55,False,444.25
,95.66666666666667,1736,True,500,4,random,56,False,434.0
,95.0,1785,True,500,4,random,57,False,446.25
,96.83333333333334,1800,True,500,4,random,58,False,450.0
,95.0,1846,True,500,4,random,59,False,461.5
,93.33333333333333,1803,True,500,4,random,60,False,450.75
,95.0,1795,True,500,4,random,61,False,448.75
,95.66666666666667,1838,True,500,4,random,62,False,459.5
,95.83333333333334,1835,True,500,4,random,63,False,458.75
,94.0,1813,True,500,4,random,64,False,453.25
,96.33333333333334,1841,True,500,4,random,65,False,460.25
,95.66666666666667,1833,True,500,4,random,66,False,458.25
,97.16666666666667,1763,True,500,4,random,67,False,440.75
,95.66666666666667,1852,True,500,4,random,68,False,463.0
,94.33333333333334,1811,True,500,4,random,69,False,452.75
,95.33333333333334,1783,True,500,4,random,70,False,445.75
,95.66666666666667,1775,True,500,4,random,71,False,443.75
,95.33333333333334,1785,True,500,4,random,72,False,446.25
,94.83333333333334,1848,True,500,4,random,73,False,462.0
,95.83333333333334,1795,True,500,4,random,74,False,448.75
,94.5,1850,True,500,4,random,75,False,462.5
,96.5,1799,True,500,4,random,76,False,449.75
,95.16666666666667,1774,True,500,4,random,77,False,443.5
,95.83333333333334,1824,True,500,4,random,78,False,456.0
,97.16666666666667,1793,True,500,4,random,79,False,448.25
,94.83333333333334,1820,True,500,4,random,80,False,455.0
,95.5,1760,True,500,4,random,81,False,440.0
,96.0,1827,True,500,4,random,82,False,456.75
,96.5,1817,True,500,4,random,83,False,454.25
,95.66666666666667,1798,True,500,4,random,84,False,449.5
,95.33333333333334,1812,True,500,4,random,85,False,453.0
,95.83333333333334,1876,True,500,4,random,86,False,469.0
,95.66666666666667,1785,True,500,4,random,87,False,446.25
,92.5,1767,True,500,4,random,88,False,441.75
,97.83333333333334,1794,True,500,4,random,89,False,448.5
,95.83333333333334,1834,True,500,4,random,90,False,458.5
,97.66666666666667,1806,True,500,4,random,91,False,451.5
,95.0,1869,True,500,4,random,92,False,467.25
,94.0,1869,True,500,4,random,93,False,467.25
,94.33333333333334,1808,True,500,4,random,94,False,452.0
,96.33333333333334,1808,True,500,4,random,95,False,452.0
,96.33333333333334,1825,True,500,4,random,96,False,456.25
,93.83333333333333,1809,True,500,4,random,97,False,452.25
,96.5,1815,True,500,4,random,98,False,453.75
,95.83333333333334,1785,True,500,4,random,99,False,446.25
,98.66666666666667,3629,True,500,8,random,0,False,453.625
,98.33333333333333,3608,True,500,8,random,1,False,451.0
,99.0,3638,True,500,8,random,2,False,454.75
,98.66666666666667,3719,True,500,8,random,3,False,464.875
,98.66666666666667,3672,True,500,8,random,4,False,459.0
,99.0,3636,True,500,8,random,5,False,454.5
,99.16666666666667,3654,True,500,8,random,6,False,456.75
,98.83333333333333,3689,True,500,8,random,7,False,461.125
,99.0,3673,True,500,8,random,8,False,459.125
,99.5,3586,True,500,8,random,9,False,448.25
,98.33333333333333,3659,True,500,8,random,10,False,457.375
,99.16666666666667,3684,True,500,8,random,11,False,460.5
,99.0,3590,True,500,8,random,12,False,448.75
,99.16666666666667,3689,True,500,8,random,13,False,461.125
,99.5,3697,True,500,8,random,14,False,462.125
,99.16666666666667,3682,True,500,8,random,15,False,460.25
,99.66666666666667,3635,True,500,8,random,16,False,454.375
,98.5,3678,True,500,8,random,17,False,459.75
,98.16666666666667,3681,True,500,8,random,18,False,460.125
,99.0,3655,True,500,8,random,19,False,456.875
,99.33333333333333,3648,True,500,8,random,20,False,456.0
,99.33333333333333,3500,True,500,8,random,21,False,437.5
,99.0,3592,True,500,8,random,22,False,449.0
,97.66666666666667,3721,True,500,8,random,23,False,465.125
,99.33333333333333,3623,True,500,8,random,24,False,452.875
,99.16666666666667,3652,True,500,8,random,25,False,456.5
,99.33333333333333,3648,True,500,8,random,26,False,456.0
,98.83333333333333,3664,True,500,8,random,27,False,458.0
,98.83333333333333,3655,True,500,8,random,28,False,456.875
,99.33333333333333,3698,True,500,8,random,29,False,462.25
,98.66666666666667,3594,True,500,8,random,30,False,449.25
,99.5,3659,True,500,8,random,31,False,457.375
,99.33333333333333,3696,True,500,8,random,32,False,462.0
,97.83333333333334,3680,True,500,8,random,33,False,460.0
,99.5,3626,True,500,8,random,34,False,453.25
,98.83333333333333,3689,True,500,8,random,35,False,461.125
,99.16666666666667,3541,True,500,8,random,36,False,442.625
,99.0,3710,True,500,8,random,37,False,463.75
,98.0,3686,True,500,8,random,38,False,460.75
,97.16666666666667,3688,True,500,8,random,39,False,461.0
,99.33333333333333,3692,True,500,8,random,40,False,461.5
,98.5,3667,True,500,8,random,41,False,458.375
,99.16666666666667,3722,True,500,8,random,42,False,465.25
,98.83333333333333,3652,True,500,8,random,43,False,456.5
,99.16666666666667,3696,True,500,8,random,44,False,462.0
,98.33333333333333,3658,True,500,8,random,45,False,457.25
,98.33333333333333,3683,True,500,8,random,46,False,460.375
,98.66666666666667,3628,True,500,8,random,47,False,453.5
,99.0,3742,True,500,8,random,48,False,467.75
,98.33333333333333,3657,True,500,8,random,49,False,457.125
,98.83333333333333,3639,True,500,8,random,50,False,454.875
,99.33333333333333,3726,True,500,8,random,51,False,465.75
,99.33333333333333,3646,True,500,8,random,52,False,455.75
,98.33333333333333,3701,True,500,8,random,53,False,462.625
,99.16666666666667,3590,True,500,8,random,54,False,448.75
,99.33333333333333,3639,True,500,8,random,55,False,454.875
,99.33333333333333,3681,True,500,8,random,56,False,460.125
,98.16666666666667,3584,True,500,8,random,57,False,448.0
,99.83333333333333,3661,True,500,8,random,58,False,457.625
,98.5,3665,True,500,8,random,59,False,458.125
,98.0,3664,True,500,8,random,60,False,458.0
,99.66666666666667,3559,True,500,8,random,61,False,444.875
,99.33333333333333,3714,True,500,8,random,62,False,464.25
,98.83333333333333,3681,True,500,8,random,63,False,460.125
,99.66666666666667,3659,True,500,8,random,64,False,457.375
,99.83333333333333,3609,True,500,8,random,65,False,451.125
,99.66666666666667,3715,True,500,8,random,66,False,464.375
,98.83333333333333,3683,True,500,8,random,67,False,460.375
,99.66666666666667,3639,True,500,8,random,68,False,454.875
,97.33333333333334,3692,True,500,8,random,69,False,461.5
,99.83333333333333,3693,True,500,8,random,70,False,461.625
,99.16666666666667,3655,True,500,8,random,71,False,456.875
,99.66666666666667,3729,True,500,8,random,72,False,466.125
,98.33333333333333,3689,True,500,8,random,73,False,461.125
,99.16666666666667,3751,True,500,8,random,74,False,468.875
,98.16666666666667,3644,True,500,8,random,75,False,455.5
,99.16666666666667,3738,True,500,8,random,76,False,467.25
,97.83333333333334,3651,True,500,8,random,77,False,456.375
,99.5,3638,True,500,8,random,78,False,454.75
,99.33333333333333,3641,True,500,8,random,79,False,455.125
,98.66666666666667,3672,True,500,8,random,80,False,459.0
,97.83333333333334,3631,True,500,8,random,81,False,453.875
,99.5,3688,True,500,8,random,82,False,461.0
,98.33333333333333,3722,True,500,8,random,83,False,465.25
,98.83333333333333,3644,True,500,8,random,84,False,455.5
,99.16666666666667,3719,True,500,8,random,85,False,464.875
,99.16666666666667,3663,True,500,8,random,86,False,457.875
,99.33333333333333,3655,True,500,8,random,87,False,456.875
,99.16666666666667,3736,True,500,8,random,88,False,467.0
,97.83333333333334,3692,True,500,8,random,89,False,461.5
,99.0,3678,True,500,8,random,90,False,459.75
,99.5,3649,True,500,8,random,91,False,456.125
,99.16666666666667,3636,True,500,8,random,92,False,454.5
,96.66666666666667,3655,True,500,8,random,93,False,456.875
,99.16666666666667,3696,True,500,8,random,94,False,462.0
,98.83333333333333,3626,True,500,8,random,95,False,453.25
,97.5,3736,True,500,8,random,96,False,467.0
,99.5,3643,True,500,8,random,97,False,455.375
,99.5,3610,True,500,8,random,98,False,451.25
,98.83333333333333,3749,True,500,8,random,99,False,468.625
,99.83333333333333,7447,True,500,16,random,0,False,465.4375
264.0,100.0,7400,True,500,16,random,1,True,462.5
379.0,100.0,7429,True,500,16,random,2,True,464.3125
444.0,100.0,7380,True,500,16,random,3,True,461.25
478.0,100.0,7420,True,500,16,random,4,True,463.75
486.0,100.0,7430,True,500,16,random,5,True,464.375
412.0,100.0,7443,True,500,16,random,6,True,465.1875
,99.66666666666667,7404,True,500,16,random,7,False,462.75
247.0,100.0,7487,True,500,16,random,8,True,467.9375
484.0,100.0,7360,True,500,16,random,9,True,460.0
331.0,100.0,7387,True,500,16,random,10,True,461.6875
,99.83333333333333,7425,True,500,16,random,11,False,464.0625
,99.16666666666667,7350,True,500,16,random,12,False,459.375
,99.66666666666667,7431,True,500,16,random,13,False,464.4375
348.0,100.0,7417,True,500,16,random,14,True,463.5625
374.0,100.0,7442,True,500,16,random,15,True,465.125
,99.66666666666667,7363,True,500,16,random,16,False,460.1875
360.0,100.0,7344,True,500,16,random,17,True,459.0
393.0,100.0,7537,True,500,16,random,18,True,471.0625
356.0,100.0,7327,True,500,16,random,19,True,457.9375
,99.83333333333333,7407,True,500,16,random,20,False,462.9375
412.0,100.0,7415,True,500,16,random,21,True,463.4375
,99.66666666666667,7383,True,500,16,random,22,False,461.4375
,99.83333333333333,7424,True,500,16,random,23,False,464.0
,99.83333333333333,7415,True,500,16,random,24,False,463.4375
403.0,100.0,7461,True,500,16,random,25,True,466.3125
458.0,100.0,7336,True,500,16,random,26,True,458.5
380.0,100.0,7325,True,500,16,random,27,True,457.8125
477.0,100.0,7477,True,500,16,random,28,True,467.3125
,99.5,7386,True,500,16,random,29,False,461.625
410.0,100.0,7309,True,500,16,random,30,True,456.8125
,99.83333333333333,7466,True,500,16,random,31,False,466.625
,99.5,7466,True,500,16,random,32,False,466.625
,99.66666666666667,7422,True,500,16,random,33,False,463.875
,99.83333333333333,7314,True,500,16,random,34,False,457.125
,99.66666666666667,7394,True,500,16,random,35,False,462.125
,99.66666666666667,7439,True,500,16,random,36,False,464.9375
,99.83333333333333,7460,True,500,16,random,37,False,466.25
,99.5,7340,True,500,16,random,38,False,458.75
414.0,100.0,7370,True,500,16,random,39,True,460.625
451.0,100.0,7514,True,500,16,random,40,True,469.625
328.0,100.0,7468,True,500,16,random,41,True,466.75
,99.66666666666667,7341,True,500,16,random,42,False,458.8125
417.0,100.0,7430,True,500,16,random,43,True,464.375
411.0,100.0,7306,True,500,16,random,44,True,456.625
302.0,100.0,7446,True,500,16,random,45,True,465.375
,99.66666666666667,7408,True,500,16,random,46,False,463.0
,99.83333333333333,7471,True,500,16,random,47,False,466.9375
,99.66666666666667,7414,True,500,16,random,48,False,463.375
304.0,100.0,7351,True,500,16,random,49,True,459.4375
380.0,100.0,7539,True,500,16,random,50,True,471.1875
284.0,100.0,7451,True,500,16,random,51,True,465.6875
347.0,100.0,7509,True,500,16,random,52,True,469.3125
470.0,100.0,7440,True,500,16,random,53,True,465.0
,99.5,7456,True,500,16,random,54,False,466.0
456.0,100.0,7391,True,500,16,random,55,True,461.9375
311.0,100.0,7397,True,500,16,random,56,True,462.3125
,99.83333333333333,7404,True,500,16,random,57,False,462.75
489.0,100.0,7430,True,500,16,random,58,True,464.375
,99.83333333333333,7476,True,500,16,random,59,False,467.25
367.0,100.0,7381,True,500,16,random,60,True,461.3125
276.0,100.0,7492,True,500,16,random,61,True,468.25
388.0,100.0,7441,True,500,16,random,62,True,465.0625
,99.83333333333333,7503,True,500,16,random,63,False,468.9375
422.0,100.0,7310,True,500,16,random,64,True,456.875
335.0,100.0,7362,True,500,16,random,65,True,460.125
,99.83333333333333,7454,True,500,16,random,66,False,465.875
,99.83333333333333,7474,True,500,16,random,67,False,467.125
330.0,100.0,7444,True,500,16,random,68,True,465.25
382.0,100.0,7369,True,500,16,random,69,True,460.5625
,99.83333333333333,7346,True,500,16,random,70,False,459.125
459.0,100.0,7448,True,500,16,random,71,True,465.5
,99.83333333333333,7433,True,500,16,random,72,False,464.5625
,99.83333333333333,7406,True,500,16,random,73,False,462.875
,99.33333333333333,7489,True,500,16,random,74,False,468.0625
,99.83333333333333,7283,True,500,16,random,75,False,455.1875
295.0,100.0,7419,True,500,16,random,76,True,463.6875
495.0,100.0,7364,True,500,16,random,77,True,460.25
364.0,100.0,7445,True,500,16,random,78,True,465.3125
,99.5,7369,True,500,16,random,79,False,460.5625
,99.83333333333333,7198,True,500,16,random,80,False,449.875
383.0,100.0,7376,True,500,16,random,81,True,461.0
333.0,100.0,7451,True,500,16,random,82,True,465.6875
351.0,100.0,7427,True,500,16,random,83,True,464.1875
365.0,100.0,7374,True,500,16,random,84,True,460.875
,99.66666666666667,7515,True,500,16,random,85,False,469.6875
,99.83333333333333,7437,True,500,16,random,86,False,464.8125
443.0,100.0,7404,True,500,16,random,87,True,462.75
399.0,100.0,7478,True,500,16,random,88,True,467.375
346.0,100.0,7418,True,500,16,random,89,True,463.625
265.0,100.0,7424,True,500,16,random,90,True,464.0
451.0,100.0,7474,True,500,16,random,91,True,467.125
368.0,100.0,7324,True,500,16,random,92,True,457.75
297.0,100.0,7297,True,500,16,random,93,True,456.0625
362.0,100.0,7431,True,500,16,random,94,True,464.4375
479.0,100.0,7348,True,500,16,random,95,True,459.25
440.0,100.0,7353,True,500,16,random,96,True,459.5625
424.0,100.0,7413,True,500,16,random,97,True,463.3125
312.0,100.0,7414,True,500,16,random,98,True,463.375
262.0,100.0,7403,True,500,16,random,99,True,462.6875
329.0,100.0,400,True,500,1,coordination,0,True,400.0
326.0,100.0,400,True,500,1,coordination,1,True,400.0
322.0,100.0,400,True,500,1,coordination,2,True,400.0
332.0,100.0,400,True,500,1,coordination,3,True,400.0
316.0,100.0,400,True,500,1,coordination,4,True,400.0
334.0,100.0,400,True,500,1,coordination,5,True,400.0
322.0,100.0,400,True,500,1,coordination,6,True,400.0
317.0,100.0,400,True,500,1,coordination,7,True,400.0
306.0,100.0,400,True,500,1,coordination,8,True,400.0
306.0,100.0,400,True,500,1,coordination,9,True,400.0
315.0,100.0,400,True,500,1,coordination,10,True,400.0
319.0,100.0,400,True,500,1,coordination,11,True,400.0
327.0,100.0,400,True,500,1,coordination,12,True,400.0
335.0,100.0,400,True,500,1,coordination,13,True,400.0
321.0,100.0,400,True,500,1,coordination,14,True,400.0
323.0,100.0,400,True,500,1,coordination,15,True,400.0
311.0,100.0,400,True,500,1,coordination,16,True,400.0
308.0,100.0,400,True,500,1,coordination,17,True,400.0
334.0,100.0,400,True,500,1,coordination,18,True,400.0
304.0,100.0,400,True,500,1,coordination,19,True,400.0
303.0,100.0,400,True,500,1,coordination,20,True,400.0
329.0,100.0,400,True,500,1,coordination,21,True,400.0
347.0,100.0,400,True,500,1,coordination,22,True,400.0
329.0,100.0,400,True,500,1,coordination,23,True,400.0
316.0,100.0,400,True,500,1,coordination,24,True,400.0
344.0,100.0,400,True,500,1,coordination,25,True,400.0
319.0,100.0,400,True,500,1,coordination,26,True,400.0
328.0,100.0,400,True,500,1,coordination,27,True,400.0
324.0,100.0,400,True,500,1,coordination,28,True,400.0
311.0,100.0,400,True,500,1,coordination,29,True,400.0
305.0,100.0,400,True,500,1,coordination,30,True,400.0
318.0,100.0,400,True,500,1,coordination,31,True,400.0
311.0,100.0,400,True,500,1,coordination,32,True,400.0
349.0,100.0,400,True,500,1,coordination,33,True,400.0
332.0,100.0,400,True,500,1,coordination,34,True,400.0
318.0,100.0,400,True,500,1,coordination,35,True,400.0
326.0,100.0,400,True,500,1,coordination,36,True,400.0
335.0,100.0,400,True,500,1,coordination,37,True,400.0
315.0,100.0,400,True,500,1,coordination,38,True,400.0
340.0,100.0,400,True,500,1,coordination,39,True,400.0
310.0,100.0,400,True,500,1,coordination,40,True,400.0
320.0,100.0,400,True,500,1,coordination,41,True,400.0
331.0,100.0,400,True,500,1,coordination,42,True,400.0
312.0,100.0,400,True,500,1,coordination,43,True,400.0
317.0,100.0,400,True,500,1,coordination,44,True,400.0
329.0,100.0,400,True,500,1,coordination,45,True,400.0
311.0,100.0,400,True,500,1,coordination,46,True,400.0
340.0,100.0,400,True,500,1,coordination,47,True,400.0
306.0,100.0,400,True,500,1,coordination,48,True,400.0
339.0,100.0,400,True,500,1,coordination,49,True,400.0
330.0,100.0,400,True,500,1,coordination,50,True,400.0
320.0,100.0,400,True,500,1,coordination,51,True,400.0
313.0,100.0,400,True,500,1,coordination,52,True,400.0
323.0,100.0,400,True,500,1,coordination,53,True,400.0
321.0,100.0,400,True,500,1,coordination,54,True,400.0
312.0,100.0,400,True,500,1,coordination,55,True,400.0
323.0,100.0,400,True,500,1,coordination,56,True,400.0
352.0,100.0,400,True,500,1,coordination,57,True,400.0
310.0,100.0,400,True,500,1,coordination,58,True,400.0
313.0,100.0,400,True,500,1,coordination,59,True,400.0
352.0,100.0,400,True,500,1,coordination,60,True,400.0
321.0,100.0,400,True,500,1,coordination,61,True,400.0
303.0,100.0,400,True,500,1,coordination,62,True,400.0
334.0,100.0,400,True,500,1,coordination,63,True,400.0
322.0,100.0,400,True,500,1,coordination,64,True,400.0
313.0,100.0,400,True,500,1,coordination,65,True,400.0
326.0,100.0,400,True,500,1,coordination,66,True,400.0
332.0,100.0,400,True,500,1,coordination,67,True,400.0
340.0,100.0,400,True,500,1,coordination,68,True,400.0
338.0,100.0,400,True,500,1,coordination,69,True,400.0
337.0,100.0,400,True,500,1,coordination,70,True,400.0
313.0,100.0,400,True,500,1,coordination,71,True,400.0
320.0,100.0,400,True,500,1,coordination,72,True,400.0
322.0,100.0,400,True,500,1,coordination,73,True,400.0
327.0,100.0,400,True,500,1,coordination,74,True,400.0
325.0,100.0,400,True,500,1,coordination,75,True,400.0
325.0,100.0,400,True,500,1,coordination,76,True,400.0
324.0,100.0,400,True,500,1,coordination,77,True,400.0
319.0,100.0,400,True,500,1,coordination,78,True,400.0
329.0,100.0,400,True,500,1,coordination,79,True,400.0
315.0,100.0,400,True,500,1,coordination,80,True,400.0
328.0,100.0,400,True,500,1,coordination,81,True,400.0
320.0,100.0,400,True,500,1,coordination,82,True,400.0
334.0,100.0,400,True,500,1,coordination,83,True,400.0
327.0,100.0,400,True,500,1,coordination,84,True,400.0
311.0,100.0,400,True,500,1,coordination,85,True,400.0
320.0,100.0,400,True,500,1,coordination,86,True,400.0
308.0,100.0,400,True,500,1,coordination,87,True,400.0
340.0,100.0,400,True,500,1,coordination,88,True,400.0
311.0,100.0,400,True,500,1,coordination,89,True,400.0
307.0,100.0,400,True,500,1,coordination,90,True,400.0
325.0,100.0,400,True,500,1,coordination,91,True,400.0
331.0,100.0,400,True,500,1,coordination,92,True,400.0
333.0,100.0,400,True,500,1,coordination,93,True,400.0
324.0,100.0,400,True,500,1,coordination,94,True,400.0
332.0,100.0,400,True,500,1,coordination,95,True,400.0
326.0,100.0,400,True,500,1,coordination,96,True,400.0
324.0,100.0,400,True,500,1,coordination,97,True,400.0
323.0,100.0,400,True,500,1,coordination,98,True,400.0
321.0,100.0,400,True,500,1,coordination,99,True,400.0
214.0,100.0,888,True,500,2,coordination,0,True,444.0
173.0,100.0,888,True,500,2,coordination,1,True,444.0
175.0,100.0,900,True,500,2,coordination,2,True,450.0
164.0,100.0,898,True,500,2,coordination,3,True,449.0
248.0,100.0,877,True,500,2,coordination,4,True,438.5
203.0,100.0,886,True,500,2,coordination,5,True,443.0
207.0,100.0,897,True,500,2,coordination,6,True,448.5
194.0,100.0,894,True,500,2,coordination,7,True,447.0
189.0,100.0,898,True,500,2,coordination,8,True,449.0
204.0,100.0,886,True,500,2,coordination,9,True,443.0
193.0,100.0,887,True,500,2,coordination,10,True,443.5
220.0,100.0,895,True,500,2,coordination,11,True,447.5
205.0,100.0,899,True,500,2,coordination,12,True,449.5
162.0,100.0,898,True,500,2,coordination,13,True,449.0
171.0,100.0,897,True,500,2,coordination,14,True,448.5
203.0,100.0,893,True,500,2,coordination,15,True,446.5
181.0,100.0,899,True,500,2,coordination,16,True,449.5
169.0,100.0,891,True,500,2,coordination,17,True,445.5
195.0,100.0,898,True,500,2,coordination,18,True,449.0
156.0,100.0,898,True,500,2,coordination,19,True,449.0
201.0,100.0,888,True,500,2,coordination,20,True,444.0
240.0,100.0,878,True,500,2,coordination,21,True,439.0
218.0,100.0,886,True,500,2,coordination,22,True,443.0
152.0,100.0,899,True,500,2,coordination,23,True,449.5
232.0,100.0,895,True,500,2,coordination,24,True,447.5
252.0,100.0,897,True,500,2,coordination,25,True,448.5
179.0,100.0,898,True,500,2,coordination,26,True,449.0
171.0,100.0,895,True,500,2,coordination,27,True,447.5
203.0,100.0,890,True,500,2,coordination,28,True,445.0
171.0,100.0,895,True,500,2,coordination,29,True,447.5
212.0,100.0,882,True,500,2,coordination,30,True,441.0
208.0,100.0,886,True,500,2,coordination,31,True,443.0
165.0,100.0,896,True,500,2,coordination,32,True,448.0
210.0,100.0,881,True,500,2,coordination,33,True,440.5
197.0,100.0,897,True,500,2,coordination,34,True,448.5
162.0,100.0,898,True,500,2,coordination,35,True,449.0
197.0,100.0,893,True,500,2,coordination,36,True,446.5
183.0,100.0,894,True,500,2,coordination,37,True,447.0
204.0,100.0,883,True,500,2,coordination,38,True,441.5
177.0,100.0,896,True,500,2,coordination,39,True,448.0
190.0,100.0,897,True,500,2,coordination,40,True,448.5
186.0,100.0,897,True,500,2,coordination,41,True,448.5
175.0,100.0,894,True,500,2,coordination,42,True,447.0
177.0,100.0,898,True,500,2,coordination,43,True,449.0
171.0,100.0,896,True,500,2,coordination,44,True,448.0
182.0,100.0,893,True,500,2,coordination,45,True,446.5
194.0,100.0,900,True,500,2,coordination,46,True,450.0
168.0,100.0,898,True,500,2,coordination,47,True,449.0
229.0,100.0,880,True,500,2,coordination,48,True,440.0
196.0,100.0,888,True,500,2,coordination,49,True,444.0
187.0,100.0,899,True,500,2,coordination,50,True,449.5
188.0,100.0,897,True,500,2,coordination,51,True,448.5
184.0,100.0,899,True,500,2,coordination,52,True,449.5
269.0,100.0,891,True,500,2,coordination,53,True,445.5
154.0,100.0,899,True,500,2,coordination,54,True,449.5
250.0,100.0,882,True,500,2,coordination,55,True,441.0
181.0,100.0,888,True,500,2,coordination,56,True,444.0
161.0,100.0,898,True,500,2,coordination,57,True,449.0
200.0,100.0,897,True,500,2,coordination,58,True,448.5
193.0,100.0,898,True,500,2,coordination,59,True,449.0
243.0,100.0,895,True,500,2,coordination,60,True,447.5
247.0,100.0,886,True,500,2,coordination,61,True,443.0
159.0,100.0,900,True,500,2,coordination,62,True,450.0
208.0,100.0,886,True,500,2,coordination,63,True,443.0
179.0,100.0,899,True,500,2,coordination,64,True,449.5
213.0,100.0,892,True,500,2,coordination,65,True,446.0
248.0,100.0,891,True,500,2,coordination,66,True,445.5
189.0,100.0,895,True,500,2,coordination,67,True,447.5
177.0,100.0,895,True,500,2,coordination,68,True,447.5
195.0,100.0,892,True,500,2,coordination,69,True,446.0
194.0,100.0,898,True,500,2,coordination,70,True,449.0
191.0,100.0,894,True,500,2,coordination,71,True,447.0
186.0,100.0,889,True,500,2,coordination,72,True,444.5
226.0,100.0,891,True,500,2,coordination,73,True,445.5
190.0,100.0,893,True,500,2,coordination,74,True,446.5
243.0,100.0,897,True,500,2,coordination,75,True,448.5
193.0,100.0,889,True,500,2,coordination,76,True,444.5
193.0,100.0,895,True,500,2,coordination,77,True,447.5
208.0,100.0,891,True,500,2,coordination,78,True,445.5
162.0,100.0,897,True,500,2,coordination,79,True,448.5
207.0,100.0,888,True,500,2,coordination,80,True,444.0
164.0,100.0,898,True,500,2,coordination,81,True,449.0
203.0,100.0,885,True,500,2,coordination,82,True,442.5
190.0,100.0,895,True,500,2,coordination,83,True,447.5
233.0,100.0,891,True,500,2,coordination,84,True,445.5
190.0,100.0,899,True,500,2,coordination,85,True,449.5
185.0,100.0,899,True,500,2,coordination,86,True,449.5
210.0,100.0,891,True,500,2,coordination,87,True,445.5
170.0,100.0,893,True,500,2,coordination,88,True,446.5
222.0,100.0,886,True,500,2,coordination,89,True,443.0
229.0,100.0,892,True,500,2,coordination,90,True,446.0
157.0,100.0,898,True,500,2,coordination,91,True,449.0
181.0,100.0,896,True,500,2,coordination,92,True,448.0
198.0,100.0,893,True,500,2,coordination,93,True,446.5
229.0,100.0,882,True,500,2,coordination,94,True,441.0
179.0,100.0,898,True,500,2,coordination,95,True,449.0
170.0,100.0,893,True,500,2,coordination,96,True,446.5
171.0,100.0,900,True,500,2,coordination,97,True,450.0
225.0,100.0,890,True,500,2,coordination,98,True,445.0
156.0,100.0,898,True,500,2,coordination,99,True,449.0
124.0,100.0,1850,True,500,4,coordination,0,True,462.5
131.0,100.0,1863,True,500,4,coordination,1,True,465.75
82.0,100.0,1886,True,500,4,coordination,2,True,471.5
113.0,100.0,1869,True,500,4,coordination,3,True,467.25
108.0,100.0,1882,True,500,4,coordination,4,True,470.5
92.0,100.0,1881,True,500,4,coordination,5,True,470.25
119.0,100.0,1856,True,500,4,coordination,6,True,464.0
107.0,100.0,1882,True,500,4,coordination,7,True,470.5
121.0,100.0,1874,True,500,4,coordination,8,True,468.5
128.0,100.0,1864,True,500,4,coordination,9,True,466.0
115.0,100.0,1885,True,500,4,coordination,10,True,471.25
100.0,100.0,1882,True,500,4,coordination,11,True,470.5
104.0,100.0,1865,True,500,4,coordination,12,True,466.25
88.0,100.0,1881,True,500,4,coordination,13,True,470.25
103.0,100.0,1890,True,500,4,coordination,14,True,472.5
103.0,100.0,1885,True,500,4,coordination,15,True,471.25
91.0,100.0,1877,True,500,4,coordination,16,True,469.25
82.0,100.0,1890,True,500,4,coordination,17,True,472.5
106.0,100.0,1886,True,500,4,coordination,18,True,471.5
142.0,100.0,1843,True,500,4,coordination,19,True,460.75
144.0,100.0,1860,True,500,4,coordination,20,True,465.0
171.0,100.0,1828,True,500,4,coordination,21,True,457.0
153.0,100.0,1851,True,500,4,coordination,22,True,462.75
92.0,100.0,1890,True,500,4,coordination,23,True,472.5
109.0,100.0,1868,True,500,4,coordination,24,True,467.0
111.0,100.0,1884,True,500,4,coordination,25,True,471.0
136.0,100.0,1851,True,500,4,coordination,26,True,462.75
101.0,100.0,1853,True,500,4,coordination,27,True,463.25
81.0,100.0,1890,True,500,4,coordination,28,True,472.5
110.0,100.0,1864,True,500,4,coordination,29,True,466.0
103.0,100.0,1882,True,500,4,coordination,30,True,470.5
147.0,100.0,1845,True,500,4,coordination,31,True,461.25
117.0,100.0,1864,True,500,4,coordination,32,True,466.0
115.0,100.0,1878,True,500,4,coordination,33,True,469.5
137.0,100.0,1843,True,500,4,coordination,34,True,460.75
133.0,100.0,1847,True,500,4,coordination,35,True,461.75
114.0,100.0,1867,True,500,4,coordination,36,True,466.75
95.0,100.0,1884,True,500,4,coordination,37,True,471.0
140.0,100.0,1857,True,500,4,coordination,38,True,464.25
105.0,100.0,1876,True,500,4,coordination,39,True,469.0
106.0,100.0,1877,True,500,4,coordination,40,True,469.25
83.0,100.0,1883,True,500,4,coordination,41,True,470.75
113.0,100.0,1868,True,500,4,coordination,42,True,467.0
98.0,100.0,1883,True,500,4,coordination,43,True,470.75
105.0,100.0,1886,True,500,4,coordination,44,True,471.5
130.0,100.0,1862,True,500,4,coordination,45,True,465.5
116.0,100.0,1856,True,500,4,coordination,46,True,464.0
141.0,100.0,1843,True,500,4,coordination,47,True,460.75
107.0,100.0,1874,True,500,4,coordination,48,True,468.5
100.0,100.0,1885,True,500,4,coordination,49,True,471.25
128.0,100.0,1850,True,500,4,coordination,50,True,462.5
129.0,100.0,1866,True,500,4,coordination,51,True,466.5
148.0,100.0,1856,True,500,4,coordination,52,True,464.0
118.0,100.0,1860,True,500,4,coordination,53,True,465.0
97.0,100.0,1878,True,500,4,coordination,54,True,469.5
128.0,100.0,1853,True,500,4,coordination,55,True,463.25
93.0,100.0,1888,True,500,4,coordination,56,True,472.0
112.0,100.0,1873,True,500,4,coordination,57,True,468.25
112.0,100.0,1870,True,500,4,coordination,58,True,467.5
103.0,100.0,1870,True,500,4,coordination,59,True,467.5
99.0,100.0,1862,True,500,4,coordination,60,True,465.5
114.0,100.0,1870,True,500,4,coordination,61,True,467.5
90.0,100.0,1882,True,500,4,coordination,62,True,470.5
105.0,100.0,1858,True,500,4,coordination,63,True,464.5
153.0,100.0,1822,True,500,4,coordination,64,True,455.5
110.0,100.0,1877,True,500,4,coordination,65,True,469.25
90.0,100.0,1889,True,500,4,coordination,66,True,472.25
157.0,100.0,1847,True,500,4,coordination,67,True,461.75
101.0,100.0,1880,True,500,4,coordination,68,True,470.0
114.0,100.0,1865,True,500,4,coordination,69,True,466.25
154.0,100.0,1850,True,500,4,coordination,70,True,462.5
137.0,100.0,1850,True,500,4,coordination,71,True,462.5
118.0,100.0,1878,True,500,4,coordination,72,True,469.5
153.0,100.0,1827,True,500,4,coordination,73,True,456.75
100.0,100.0,1875,True,500,4,coordination,74,True,468.75
101.0,100.0,1879,True,500,4,coordination,75,True,469.75
94.0,100.0,1890,True,500,4,coordination,76,True,472.5
91.0,100.0,1887,True,500,4,coordination,77,True,471.75
120.0,100.0,1869,True,500,4,coordination,78,True,467.25
119.0,100.0,1854,True,500,4,coordination,79,True,463.5
102.0,100.0,1869,True,500,4,coordination,80,True,467.25
122.0,100.0,1855,True,500,4,coordination,81,True,463.75
100.0,100.0,1885,True,500,4,coordination,82,True,471.25
94.0,100.0,1879,True,500,4,coordination,83,True,469.75
125.0,100.0,1844,True,500,4,coordination,84,True,461.0
122.0,100.0,1861,True,500,4,coordination,85,True,465.25
103.0,100.0,1872,True,500,4,coordination,86,True,468.0
97.0,100.0,1886,True,500,4,coordination,87,True,471.5
113.0,100.0,1865,True,500,4,coordination,88,True,466.25
133.0,100.0,1854,True,500,4,coordination,89,True,463.5
116.0,100.0,1878,True,500,4,coordination,90,True,469.5
128.0,100.0,1868,True,500,4,coordination,91,True,467.0
137.0,100.0,1846,True,500,4,coordination,92,True,461.5
120.0,100.0,1858,True,500,4,coordination,93,True,464.5
122.0,100.0,1860,True,500,4,coordination,94,True,465.0
109.0,100.0,1874,True,500,4,coordination,95,True,468.5
91.0,100.0,1891,True,500,4,coordination,96,True,472.75
155.0,100.0,1841,True,500,4,coordination,97,True,460.25
105.0,100.0,1879,True,500,4,coordination,98,True,469.75
113.0,100.0,1883,True,500,4,coordination,99,True,470.75
60.0,100.0,3767,True,500,8,coordination,0,True,470.875
78.0,100.0,3797,True,500,8,coordination,1,True,474.625
64.0,100.0,3772,True,500,8,coordination,2,True,471.5
64.0,100.0,3775,True,500,8,coordination,3,True,471.875
57.0,100.0,3786,True,500,8,coordination,4,True,473.25
54.0,100.0,3817,True,500,8,coordination,5,True,477.125
108.0,100.0,3704,True,500,8,coordination,6,True,463.0
54.0,100.0,3878,True,500,8,coordination,7,True,484.75
70.0,100.0,3811,True,500,8,coordination,8,True,476.375
67.0,100.0,3825,True,500,8,coordination,9,True,478.125
122.0,100.0,3681,True,500,8,coordination,10,True,460.125
73.0,100.0,3778,True,500,8,coordination,11,True,472.25
82.0,100.0,3802,True,500,8,coordination,12,True,475.25
76.0,100.0,3783,True,500,8,coordination,13,True,472.875
49.0,100.0,3830,True,500,8,coordination,14,True,478.75
67.0,100.0,3790,True,500,8,coordination,15,True,473.75
74.0,100.0,3790,True,500,8,coordination,16,True,473.75
72.0,100.0,3785,True,500,8,coordination,17,True,473.125
78.0,100.0,3800,True,500,8,coordination,18,True,475.0
68.0,100.0,3815,True,500,8,coordination,19,True,476.875
76.0,100.0,3732,True,500,8,coordination,20,True,466.5
56.0,100.0,3812,True,500,8,coordination,21,True,476.5
86.0,100.0,3769,True,500,8,coordination,22,True,471.125
98.0,100.0,3741,True,500,8,coordination,23,True,467.625
59.0,100.0,3849,True,500,8,coordination,24,True,481.125
87.0,100.0,3769,True,500,8,coordination,25,True,471.125
59.0,100.0,3846,True,500,8,coordination,26,True,480.75
70.0,100.0,3771,True,500,8,coordination,27,True,471.375
94.0,100.0,3769,True,500,8,coordination,28,True,471.125
60.0,100.0,3821,True,500,8,coordination,29,True,477.625
78.0,100.0,3786,True,500,8,coordination,30,True,473.25
67.0,100.0,3793,True,500,8,coordination,31,True,474.125
109.0,100.0,3739,True,500,8,coordination,32,True,467.375
56.0,100.0,3851,True,500,8,coordination,33,True,481.375
99.0,100.0,3765,True,500,8,coordination,34,True,470.625
53.0,100.0,3833,True,500,8,coordination,35,True,479.125
84.0,100.0,3775,True,500,8,coordination,36,True,471.875
61.0,100.0,3841,True,500,8,coordination,37,True,480.125
71.0,100.0,3789,True,500,8,coordination,38,True,473.625
55.0,100.0,3827,True,500,8,coordination,39,True,478.375
64.0,100.0,3776,True,500,8,coordination,40,True,472.0
51.0,100.0,3832,True,500,8,coordination,41,True,479.0
60.0,100.0,3805,True,500,8,coordination,42,True,475.625
92.0,100.0,3771,True,500,8,coordination,43,True,471.375
68.0,100.0,3813,True,500,8,coordination,44,True,476.625
69.0,100.0,3800,True,500,8,coordination,45,True,475.0
62.0,100.0,3779,True,500,8,coordination,46,True,472.375
63.0,100.0,3797,True,500,8,coordination,47,True,474.625
73.0,100.0,3735,True,500,8,coordination,48,True,466.875
72.0,100.0,3803,True,500,8,coordination,49,True,475.375
74.0,100.0,3773,True,500,8,coordination,50,True,471.625
73.0,100.0,3735,True,500,8,coordination,51,True,466.875
80.0,100.0,3786,True,500,8,coordination,52,True,473.25
76.0,100.0,3756,True,500,8,coordination,53,True,469.5
67.0,100.0,3815,True,500,8,coordination,54,True,476.875
61.0,100.0,3749,True,500,8,coordination,55,True,468.625
91.0,100.0,3787,True,500,8,coordination,56,True,473.375
95.0,100.0,3736,True,500,8,coordination,57,True,467.0
75.0,100.0,3803,True,500,8,coordination,58,True,475.375
71.0,100.0,3813,True,500,8,coordination,59,True,476.625
67.0,100.0,3775,True,500,8,coordination,60,True,471.875
59.0,100.0,3798,True,500,8,coordination,61,True,474.75
65.0,100.0,3818,True,500,8,coordination,62,True,477.25
63.0,100.0,3823,True,500,8,coordination,63,True,477.875
86.0,100.0,3776,True,500,8,coordination,64,True,472.0
57.0,100.0,3802,True,500,8,coordination,65,True,475.25
71.0,100.0,3800,True,500,8,coordination,66,True,475.0
57.0,100.0,3821,True,500,8,coordination,67,True,477.625
76.0,100.0,3795,True,500,8,coordination,68,True,474.375
96.0,100.0,3731,True,500,8,coordination,69,True,466.375
73.0,100.0,3780,True,500,8,coordination,70,True,472.5
49.0,100.0,3848,True,500,8,coordination,71,True,481.0
68.0,100.0,3803,True,500,8,coordination,72,True,475.375
63.0,100.0,3809,True,500,8,coordination,73,True,476.125
89.0,100.0,3706,True,500,8,coordination,74,True,463.25
65.0,100.0,3822,True,500,8,coordination,75,True,477.75
65.0,100.0,3816,True,500,8,coordination,76,True,477.0
88.0,100.0,3747,True,500,8,coordination,77,True,468.375
69.0,100.0,3787,True,500,8,coordination,78,True,473.375
58.0,100.0,3816,True,500,8,coordination,79,True,477.0
69.0,100.0,3806,True,500,8,coordination,80,True,475.75
100.0,100.0,3742,True,500,8,coordination,81,True,467.75
67.0,100.0,3820,True,500,8,coordination,82,True,477.5
75.0,100.0,3772,True,500,8,coordination,83,True,471.5
65.0,100.0,3775,True,500,8,coordination,84,True,471.875
73.0,100.0,3790,True,500,8,coordination,85,True,473.75
59.0,100.0,3805,True,500,8,coordination,86,True,475.625
56.0,100.0,3844,True,500,8,coordination,87,True,480.5
84.0,100.0,3769,True,500,8,coordination,88,True,471.125
92.0,100.0,3757,True,500,8,coordination,89,True,469.625
89.0,100.0,3733,True,500,8,coordination,90,True,466.625
81.0,100.0,3745,True,500,8,coordination,91,True,468.125
52.0,100.0,3842,True,500,8,coordination,92,True,480.25
56.0,100.0,3825,True,500,8,coordination,93,True,478.125
64.0,100.0,3813,True,500,8,coordination,94,True,476.625
48.0,100.0,3868,True,500,8,coordination,95,True,483.5
65.0,100.0,3768,True,500,8,coordination,96,True,471.0
68.0,100.0,3797,True,500,8,coordination,97,True,474.625
58.0,100.0,3823,True,500,8,coordination,98,True,477.875
107.0,100.0,3711,True,500,8,coordination,99,True,463.875
41.0,100.0,7607,True,500,16,coordination,0,True,475.4375
46.0,100.0,7509,True,500,16,coordination,1,True,469.3125
38.0,100.0,7630,True,500,16,coordination,2,True,476.875
38.0,100.0,7661,True,500,16,coordination,3,True,478.8125
37.0,100.0,7570,True,500,16,coordination,4,True,473.125
45.0,100.0,7567,True,500,16,coordination,5,True,472.9375
35.0,100.0,7575,True,500,16,coordination,6,True,473.4375
49.0,100.0,7598,True,500,16,coordination,7,True,474.875
46.0,100.0,7542,True,500,16,coordination,8,True,471.375
46.0,100.0,7499,True,500,16,coordination,9,True,468.6875
49.0,100.0,7605,True,500,16,coordination,10,True,475.3125
37.0,100.0,7664,True,500,16,coordination,11,True,479.0
36.0,100.0,7646,True,500,16,coordination,12,True,477.875
32.0,100.0,7701,True,500,16,coordination,13,True,481.3125
44.0,100.0,7495,True,500,16,coordination,14,True,468.4375
39.0,100.0,7572,True,500,16,coordination,15,True,473.25
42.0,100.0,7590,True,500,16,coordination,16,True,474.375
41.0,100.0,7626,True,500,16,coordination,17,True,476.625
29.0,100.0,7641,True,500,16,coordination,18,True,477.5625
48.0,100.0,7582,True,500,16,coordination,19,True,473.875
30.0,100.0,7695,True,500,16,coordination,20,True,480.9375
32.0,100.0,7650,True,500,16,coordination,21,True,478.125
35.0,100.0,7661,True,500,16,coordination,22,True,478.8125
39.0,100.0,7508,True,500,16,coordination,23,True,469.25
37.0,100.0,7588,True,500,16,coordination,24,True,474.25
36.0,100.0,7581,True,500,16,coordination,25,True,473.8125
35.0,100.0,7615,True,500,16,coordination,26,True,475.9375
33.0,100.0,7707,True,500,16,coordination,27,True,481.6875
30.0,100.0,7638,True,500,16,coordination,28,True,477.375
30.0,100.0,7612,True,500,16,coordination,29,True,475.75
34.0,100.0,7679,True,500,16,coordination,30,True,479.9375
31.0,100.0,7651,True,500,16,coordination,31,True,478.1875
39.0,100.0,7580,True,500,16,coordination,32,True,473.75
38.0,100.0,7637,True,500,16,coordination,33,True,477.3125
40.0,100.0,7643,True,500,16,coordination,34,True,477.6875
33.0,100.0,7632,True,500,16,coordination,35,True,477.0
41.0,100.0,7552,True,500,16,coordination,36,True,472.0
31.0,100.0,7662,True,500,16,coordination,37,True,478.875
45.0,100.0,7643,True,500,16,coordination,38,True,477.6875
37.0,100.0,7651,True,500,16,coordination,39,True,478.1875
40.0,100.0,7584,True,500,16,coordination,40,True,474.0
40.0,100.0,7564,True,500,16,coordination,41,True,472.75
48.0,100.0,7474,True,500,16,coordination,42,True,467.125
37.0,100.0,7531,True,500,16,coordination,43,True,470.6875
38.0,100.0,7575,True,500,16,coordination,44,True,473.4375
40.0,100.0,7626,True,500,16,coordination,45,True,476.625
58.0,100.0,7444,True,500,16,coordination,46,True,465.25
41.0,100.0,7562,True,500,16,coordination,47,True,472.625
39.0,100.0,7648,True,500,16,coordination,48,True,478.0
33.0,100.0,7667,True,500,16,coordination,49,True,479.1875
35.0,100.0,7654,True,500,16,coordination,50,True,478.375
31.0,100.0,7670,True,500,16,coordination,51,True,479.375
47.0,100.0,7556,True,500,16,coordination,52,True,472.25
38.0,100.0,7650,True,500,16,coordination,53,True,478.125
38.0,100.0,7651,True,500,16,coordination,54,True,478.1875
51.0,100.0,7457,True,500,16,coordination,55,True,466.0625
32.0,100.0,7684,True,500,16,coordination,56,True,480.25
41.0,100.0,7576,True,500,16,coordination,57,True,473.5
39.0,100.0,7633,True,500,16,coordination,58,True,477.0625
42.0,100.0,7622,True,500,16,coordination,59,True,476.375
39.0,100.0,7555,True,500,16,coordination,60,True,472.1875
45.0,100.0,7567,True,500,16,coordination,61,True,472.9375
38.0,100.0,7628,True,500,16,coordination,62,True,476.75
29.0,100.0,7710,True,500,16,coordination,63,True,481.875
40.0,100.0,7658,True,500,16,coordination,64,True,478.625
48.0,100.0,7522,True,500,16,coordination,65,True,470.125
30.0,100.0,7679,True,500,16,coordination,66,True,479.9375
43.0,100.0,7608,True,500,16,coordination,67,True,475.5
33.0,100.0,7687,True,500,16,coordination,68,True,480.4375
38.0,100.0,7662,True,500,16,coordination,69,True,478.875
29.0,100.0,7682,True,500,16,coordination,70,True,480.125
41.0,100.0,7529,True,500,16,coordination,71,True,470.5625
43.0,100.0,7597,True,500,16,coordination,72,True,474.8125
33.0,100.0,7653,True,500,16,coordination,73,True,478.3125
47.0,100.0,7549,True,500,16,coordination,74,True,471.8125
42.0,100.0,7542,True,500,16,coordination,75,True,471.375
45.0,100.0,7580,True,500,16,coordination,76,True,473.75
47.0,100.0,7417,True,500,16,coordination,77,True,463.5625
33.0,100.0,7633,True,500,16,coordination,78,True,477.0625
43.0,100.0,7494,True,500,16,coordination,79,True,468.375
38.0,100.0,7638,True,500,16,coordination,80,True,477.375
38.0,100.0,7608,True,500,16,coordination,81,True,475.5
39.0,100.0,7616,True,500,16,coordination,82,True,476.0
45.0,100.0,7571,True,500,16,coordination,83,True,473.1875
49.0,100.0,7489,True,500,16,coordination,84,True,468.0625
41.0,100.0,7551,True,500,16,coordination,85,True,471.9375
39.0,100.0,7600,True,500,16,coordination,86,True,475.0
43.0,100.0,7595,True,500,16,coordination,87,True,474.6875
34.0,100.0,7618,True,500,16,coordination,88,True,476.125
28.0,100.0,7664,True,500,16,coordination,89,True,479.0
53.0,100.0,7546,True,500,16,coordination,90,True,471.625
32.0,100.0,7648,True,500,16,coordination,91,True,478.0
42.0,100.0,7545,True,500,16,coordination,92,True,471.5625
32.0,100.0,7640,True,500,16,coordination,93,True,477.5
47.0,100.0,7563,True,500,16,coordination,94,True,472.6875
34.0,100.0,7680,True,500,16,coordination,95,True,480.0
38.0,100.0,7630,True,500,16,coordination,96,True,476.875
44.0,100.0,7611,True,500,16,coordination,97,True,475.6875
42.0,100.0,7512,True,500,16,coordination,98,True,469.5
43.0,100.0,7569,True,500,16,coordination,99,True,473.0625
